marca,modelo,titulo,valor,cidade,bairro,ano,km,link
Toyota,Etios X Plus,Toyota Etios X Plus 1.5 Flex 16V 5P Aut. 2019,59900,Salvador,Pituba,2019.0,185000.0,https://ba.olx.com.br/grande-salvador/autos-e-pecas/carros-vans-e-utilitarios/toyota-etios-x-plus-1-5-flex-16v-5p-aut-2019-1482710594
Citroen,C3 Tendance,Citroen C3 Tendance 1.5 Flex 8V 5P Mec. 2015,39990,Lauro de Freitas,Centro,2015.0,134000.0,https://ba.olx.com.br/grande-salvador/autos-e-pecas/carros-vans-e-utilitarios/citroen-c3-tendance-1-5-flex-8v-5p-mec-2015-1475241406
Toyota,Yaris XS,Toyota Yaris XS 1.5 Flex 16V 5P Aut. 2020,76800,Salvador,Mussurunga I,2020.0,41700.0,https://ba.olx.com.br/grande-salvador/autos-e-pecas/carros-vans-e-utilitarios/toyota-yaris-xs-1-5-flex-16v-5p-aut-2020-1470380638
Toyota,Corolla Altis Prem. Hybrid,Toyota Corolla Altis Prem. Hybrid 1.8 Flex AUT 2023,147990,Lauro de Freitas,Centro,2023.0,63000.0,https://ba.olx.com.br/grande-salvador/autos-e-pecas/carros-vans-e-utilitarios/toyota-corolla-altis-prem-hybrid-1-8-flex-aut-2023-1474913698
Volkswagen,Nivus Comfortline,Volkswagen Nivus Comfortline 1.0 200 TSI Flex AUT 2024,102000,Salvador,Itaigara,2024.0,30000.0,https://ba.olx.com.br/grande-salvador/autos-e-pecas/carros-vans-e-utilitarios/volkswagen-nivus-comfortline-1-0-200-tsi-flex-aut-2024-1482382043
Fiat,Strada Freedom,Fiat Strada Freedom 1.3 Flex 8V CS Plus 2024,111190,Salvador,São Cristóvão,2024.0,39435.0,https://ba.olx.com.br/grande-salvador/autos-e-pecas/carros-vans-e-utilitarios/fiat-strada-freedom-1-3-flex-8v-cs-plus-2024-1482710293
Toyota,Corolla Cross XRE,Toyota Corolla Cross XRE 2.0 16V Flex AUT 2025,164000,Salvador,Itaigara,2025.0,55000.0,https://ba.olx.com.br/grande-salvador/autos-e-pecas/carros-vans-e-utilitarios/toyota-corolla-cross-xre-2-0-16v-flex-aut-2025-1482364439
Chery,Tiggo 8 MAX Drive,Chery Tiggo 8 MAX Drive 1.6 Turbo Aut. 2023,132997,Salvador,São Marcos,2023.0,42356.0,https://ba.olx.com.br/grande-salvador/autos-e-pecas/carros-vans-e-utilitarios/chery-tiggo-8-max-drive-1-6-turbo-aut-2023-1482702427
Renault,Kwid Zen,Renault Kwid Zen 1.0 Flex 12V 5P Mec. 2022,41000,Salvador,Itaigara,2022.0,30000.0,https://ba.olx.com.br/grande-salvador/autos-e-pecas/carros-vans-e-utilitarios/renault-kwid-zen-1-0-flex-12v-5p-mec-2022-1482393393
Ford,Fiesta,Ford Fiesta 1.0 8V Flex/class 1.0 8V Flex 5P 2008,16000,Salvador,Pau Miúdo,2008.0,185000.0,https://ba.olx.com.br/grande-salvador/autos-e-pecas/carros-vans-e-utilitarios/ford-fiesta-1-0-8v-flex-class-1-0-8v-flex-5p-2008-1482709594
Chery,Tiggo 7 Pro MAX Drive,Chery Tiggo 7 Pro MAX Drive 1.5 TB (hibrido) 2024,144900,Lauro de Freitas,Buraquinho,2024.0,18965.0,https://ba.olx.com.br/grande-salvador/autos-e-pecas/carros-vans-e-utilitarios/chery-tiggo-7-pro-max-drive-1-5-tb-hibrido-2024-1482707806
Jeep,Compass Limited,Jeep Compass Limited 2.0 4X2 Flex 16V Aut. 2017,82000,Salvador,Itaigara,2017.0,116.0,https://ba.olx.com.br/grande-salvador/autos-e-pecas/carros-vans-e-utilitarios/jeep-compass-limited-2-0-4x2-flex-16v-aut-2017-1482709277
Ford,Ranger XL,Ford Ranger XL 2.0l 4X4 2024,159900,Salvador,Imbuí,2024.0,19000.0,https://ba.olx.com.br/grande-salvador/autos-e-pecas/carros-vans-e-utilitarios/ford-ranger-xl-2-0l-4x4-2024-1461047215
Chevrolet,Trailblazer Premier,Chevrolet Trailblazer Premier 2.8 TB Diesel Aut. 2020,170000,Camaçari,Catu de Abrantes (Abrantes),2020.0,104000.0,https://ba.olx.com.br/grande-salvador/autos-e-pecas/carros-vans-e-utilitarios/chevrolet-trailblazer-premier-2-8-tb-diesel-aut-2020-1459435049
Toyota,Corolla Cross Gr-s,Toyota Corolla Cross Gr-s 2.0 16V Flex Aut. 2023,144900,Salvador,Canela,2023.0,57000.0,https://ba.olx.com.br/grande-salvador/autos-e-pecas/carros-vans-e-utilitarios/toyota-corolla-cross-gr-s-2-0-16v-flex-aut-2023-1482708199
Volkswagen,Logus,Volkswagen Logus 1.8 / CLI / CL (álcool) 1995,6500,Salvador,Itapuã,1995.0,100000.0,https://ba.olx.com.br/grande-salvador/autos-e-pecas/carros-vans-e-utilitarios/volkswagen-logus-1-8-cli-cl-alcool-1995-1482707123
Fiat,Mobi Drive GSR,Fiat Mobi Drive GSR 1.0 Flex 6V 5P 2019,46900,Lauro de Freitas,Vilas do Atlântico,2019.0,22000.0,https://ba.olx.com.br/grande-salvador/autos-e-pecas/carros-vans-e-utilitarios/fiat-mobi-drive-gsr-1-0-flex-6v-5p-2019-1482706910
Fiat,Mobi Like,Fiat Mobi Like 1.0 Fire Flex 5P. 2017,38900,Salvador,Pirajá,2017.0,107000.0,https://ba.olx.com.br/grande-salvador/autos-e-pecas/carros-vans-e-utilitarios/fiat-mobi-like-1-0-fire-flex-5p-2017-1482705301
Honda,Civic Sedan LX,Honda Civic Sedan LX 2.0 Flex 16V Aut. 4P 2020,118900,Salvador,Água de Meninos,2020.0,52521.0,https://ba.olx.com.br/grande-salvador/autos-e-pecas/carros-vans-e-utilitarios/honda-civic-sedan-lx-2-0-flex-16v-aut-4p-2020-1482703823
Renault,Duster Dynamique,Renault Duster Dynamique 1.6 Flex 16V Aut. 2020,76900,Salvador,Água de Meninos,2020.0,75420.0,https://ba.olx.com.br/grande-salvador/autos-e-pecas/carros-vans-e-utilitarios/renault-duster-dynamique-1-6-flex-16v-aut-2020-1482703793
Chevrolet,Onix Hatch LT,Chevrolet Onix Hatch LT 1.0 8V Flex Mec. 4P 2013,45900,Salvador,Água de Meninos,2013.0,67755.0,https://ba.olx.com.br/grande-salvador/autos-e-pecas/carros-vans-e-utilitarios/chevrolet-onix-hatch-lt-1-0-8v-flex-mec-4p-2013-1482702766
Chevrolet,Spin Activ7,Chevrolet Spin Activ7 1.8 8V Econo.flex 5P Aut. 2023,91900,Salvador,Pituba,2023.0,65000.0,https://ba.olx.com.br/grande-salvador/autos-e-pecas/carros-vans-e-utilitarios/chevrolet-spin-activ7-1-8-8v-econo-flex-5p-aut-2023-1482702464
Volkswagen,Parati 1000 MI,Volkswagen Parati 1000 MI 16V 4P Turbo 2001,8000,Simões Filho,Luís Eduardo Magalhães,2001.0,400.0,https://ba.olx.com.br/grande-salvador/autos-e-pecas/carros-vans-e-utilitarios/volkswagen-parati-1000-mi-16v-4p-turbo-2001-1482702360
Chevrolet,Classic Life/ls,Chevrolet Classic Life/ls 1.0 VHC Flexp. 4P 2022,20000,Salvador,São Marcos,2022.0,198000.0,https://ba.olx.com.br/grande-salvador/autos-e-pecas/carros-vans-e-utilitarios/chevrolet-classic-life-ls-1-0-vhc-flexp-4p-2022-1482702371
Chery,QQ,Chery QQ 1.0 ACT FL 12v/1.0 12V Flex 5P 2019,30200,Salvador,Barbalho,2019.0,49856.0,https://ba.olx.com.br/grande-salvador/autos-e-pecas/carros-vans-e-utilitarios/chery-qq-1-0-act-fl-12v-1-0-12v-flex-5p-2019-1482702318
Aluguel,Chevrolet Prisma,Aluguel Chevrolet Prisma 1.0 2014 com GNV,45000,Salvador,Vila Laura,2014.0,150000.0,https://ba.olx.com.br/grande-salvador/autos-e-pecas/carros-vans-e-utilitarios/aluguel-chevrolet-prisma-1-0-2014-com-gnv-1470323784
Toyota,Corolla XEI,Toyota Corolla XEI 2.0 Flex 16V Aut. 2022,123990,Salvador,Graça,2022.0,101023.0,https://ba.olx.com.br/grande-salvador/autos-e-pecas/carros-vans-e-utilitarios/toyota-corolla-xei-2-0-flex-16v-aut-2022-1448791872
Volkswagen,Gol Geração IV City Trend,Volkswagen Gol Geração IV City Trend 1.0 8V MI Total Flex Mec. 4P 2007,15000,Salvador,CEASA,2007.0,180.0,https://ba.olx.com.br/grande-salvador/autos-e-pecas/carros-vans-e-utilitarios/volkswagen-gol-geracao-iv-city-trend-1-0-8v-mi-total-flex-mec-4p-2007-1482701722
Chevrolet,Onix JOY Hatch,Chevrolet Onix JOY Hatch 1.0 8V Flex Mec. 4P 2017,41800,Salvador,Cabula,2017.0,209000.0,https://ba.olx.com.br/grande-salvador/autos-e-pecas/carros-vans-e-utilitarios/chevrolet-onix-joy-hatch-1-0-8v-flex-mec-4p-2017-1482701641
Toyota,Prius Hybrid,Toyota Prius Hybrid 1.8 16V 5P Aut. 2018,85700,Camaçari,Catu de Abrantes (Abrantes),2018.0,85000.0,https://ba.olx.com.br/grande-salvador/autos-e-pecas/carros-vans-e-utilitarios/toyota-prius-hybrid-1-8-16v-5p-aut-2018-1479739685
Chevrolet,Classic Life/ls,Chevrolet Classic Life/ls 1.0 VHC Flexp. 4P 2014,26800,Salvador,Ilha Amarela,2014.0,150000.0,https://ba.olx.com.br/grande-salvador/autos-e-pecas/carros-vans-e-utilitarios/chevrolet-classic-life-ls-1-0-vhc-flexp-4p-2014-1482471671
Hyundai,HB20 Comfort Plus,Hyundai HB20 Comfort Plus 1.0 Flex 12V Mec. 2025,74200,Lauro de Freitas,Centro,2025.0,75793.0,https://ba.olx.com.br/grande-salvador/autos-e-pecas/carros-vans-e-utilitarios/hyundai-hb20-comfort-plus-1-0-flex-12v-mec-2025-1482699870
Volkswagen,Polo Track,Volkswagen Polo Track 1.0 Flex 12V 5P 2024,72500,Lauro de Freitas,Centro,2024.0,71390.0,https://ba.olx.com.br/grande-salvador/autos-e-pecas/carros-vans-e-utilitarios/volkswagen-polo-track-1-0-flex-12v-5p-2024-1482699858
Volkswagen,Fox City,Volkswagen Fox City 1.0mi/ 1.0mi Total Flex 8V 3P 2025,25000,Salvador,Cabula,2025.0,20000.0,https://ba.olx.com.br/grande-salvador/autos-e-pecas/carros-vans-e-utilitarios/volkswagen-fox-city-1-0mi-1-0mi-total-flex-8v-3p-2025-1482699833
Citroen,C4 Cactus Feel Pack,Citroen C4 Cactus Feel Pack 1.6 16V Flex AUT 2022,72900,Salvador,Saúde,2022.0,59000.0,https://ba.olx.com.br/grande-salvador/autos-e-pecas/carros-vans-e-utilitarios/citroen-c4-cactus-feel-pack-1-6-16v-flex-aut-2022-1482468531
Nissan,Kicks Active,Nissan Kicks Active 1.6 16V Flex Aut. 2024,98900,Salvador,Itapuã,2024.0,44193.0,https://ba.olx.com.br/grande-salvador/autos-e-pecas/carros-vans-e-utilitarios/nissan-kicks-active-1-6-16v-flex-aut-2024-1479609235
Fiat,Argo Drive,Fiat Argo Drive 1.0 6V Flex 2024,69900,Salvador,Itapuã,2024.0,44136.0,https://ba.olx.com.br/grande-salvador/autos-e-pecas/carros-vans-e-utilitarios/fiat-argo-drive-1-0-6v-flex-2024-1479613764
Renault,Fluence Sed. Dynamique,Renault Fluence Sed. Dynamique 2.0 16V Flex Aut. 2013,45000,Salvador,Narandiba,2013.0,150.0,https://ba.olx.com.br/grande-salvador/autos-e-pecas/carros-vans-e-utilitarios/renault-fluence-sed-dynamique-2-0-16v-flex-aut-2013-1482699183
Honda,HR-V LX,Honda HR-V LX 1.8 Flexone 16V 5P Aut. 2019,99900,Salvador,Itapuã,2019.0,63000.0,https://ba.olx.com.br/grande-salvador/autos-e-pecas/carros-vans-e-utilitarios/honda-hr-v-lx-1-8-flexone-16v-5p-aut-2019-1472479606
Volkswagen,T-Cross,Volkswagen T-Cross 1.0 TSI Flex 12V 5P Aut. 2025,125900,Salvador,Itapuã,2025.0,17590.0,https://ba.olx.com.br/grande-salvador/autos-e-pecas/carros-vans-e-utilitarios/volkswagen-t-cross-1-0-tsi-flex-12v-5p-aut-2025-1454433580
Jeep,Compass Longitude,Jeep Compass Longitude 2.0 4X4 Dies. 16V Aut. 2019,95900,Salvador,Brotas,2019.0,65000.0,https://ba.olx.com.br/grande-salvador/autos-e-pecas/carros-vans-e-utilitarios/jeep-compass-longitude-2-0-4x4-dies-16v-aut-2019-1482614537
Fiat,Palio,Fiat Palio 1.0/ Trofeo 1.0 Fire/ Fire Flex 2P 2003,10000,Vera Cruz,Centro/Geral,2003.0,64669.0,https://ba.olx.com.br/grande-salvador/autos-e-pecas/carros-vans-e-utilitarios/fiat-palio-1-0-trofeo-1-0-fire-fire-flex-2p-2003-1482698592
Volkswagen,T-Cross,Volkswagen T-Cross 1.0 TSI Flex 12V 5P Aut. 2024,106400,Salvador,Água de Meninos,2024.0,81108.0,https://ba.olx.com.br/grande-salvador/autos-e-pecas/carros-vans-e-utilitarios/volkswagen-t-cross-1-0-tsi-flex-12v-5p-aut-2024-1482698390
Hyundai,Creta Ultimate,Hyundai Creta Ultimate 2.0 16V Flex AUT 2023,129900,Salvador,Água de Meninos,2023.0,80000.0,https://ba.olx.com.br/grande-salvador/autos-e-pecas/carros-vans-e-utilitarios/hyundai-creta-ultimate-2-0-16v-flex-aut-2023-1482698308
Citroen,Aircross Shine,Citroen Aircross Shine 1.6 Flex 16V 5P Aut. 2018,55900,Salvador,Brotas,2018.0,69000.0,https://ba.olx.com.br/grande-salvador/autos-e-pecas/carros-vans-e-utilitarios/citroen-aircross-shine-1-6-flex-16v-5p-aut-2018-1482681838
Ford,Fiesta SE,Ford Fiesta SE 1.0 8V Flex 5P 2014,25000,Salvador,Pituba,2014.0,150000.0,https://ba.olx.com.br/grande-salvador/autos-e-pecas/carros-vans-e-utilitarios/ford-fiesta-se-1-0-8v-flex-5p-2014-1482698195
Chevrolet,Agile LTZ,Chevrolet Agile LTZ 1.4 MPFI 8V Flexpower 5P 2011,31990,Salvador,Água de Meninos,2011.0,73000.0,https://ba.olx.com.br/grande-salvador/autos-e-pecas/carros-vans-e-utilitarios/chevrolet-agile-ltz-1-4-mpfi-8v-flexpower-5p-2011-1482697838
Fiat,Mobi Like,Fiat Mobi Like 1.0 Fire Flex 5P. 2025,65590,Salvador,Cabula,2025.0,34212.0,https://ba.olx.com.br/grande-salvador/autos-e-pecas/carros-vans-e-utilitarios/fiat-mobi-like-1-0-fire-flex-5p-2025-1482697522
Fiat,Argo Drive,Fiat Argo Drive 1.0 Firefly 2025,76890,Salvador,Paralela,2025.0,45261.0,https://ba.olx.com.br/grande-salvador/autos-e-pecas/carros-vans-e-utilitarios/fiat-argo-drive-1-0-firefly-2025-1482697517
Hyundai,Creta Comfort Plus,Hyundai Creta Comfort Plus 1.0 TB 12V Flex Aut. 2025,132390,Salvador,Paralela,2025.0,42765.0,https://ba.olx.com.br/grande-salvador/autos-e-pecas/carros-vans-e-utilitarios/hyundai-creta-comfort-plus-1-0-tb-12v-flex-aut-2025-1482697404
Chevrolet,Prisma Sed. Joy/ LS,Chevrolet Prisma Sed. Joy/ LS 1.0 8V Flexpower 4P 2017,25700,Camaçari,Centro/Geral,2017.0,,https://www.olx.com.br/vi/1482676587?rec=l
Toyota,Corolla GLI,Toyota Corolla GLI 1.8 Flex 16V Aut. 2013,57900,Salvador,Centro/Geral,2013.0,,https://www.olx.com.br/vi/1482696757?rec=l
Volkswagen,Polo,Volkswagen Polo 1.0 Flex 12V 5P 2020,60500,Salvador,Centro/Geral,2020.0,,https://www.olx.com.br/vi/1482720317?rec=l
Volkswagen,Polo Sedan,Volkswagen Polo Sedan 1.6 MI 101cv 8V 4P 2004,19900,Salvador,Centro/Geral,2004.0,,https://www.olx.com.br/vi/1482668970?rec=l
Toyota,Corolla XEI,Toyota Corolla XEI 2.0 Flex 16V Aut. 2017,82000,Salvador,Centro/Geral,2017.0,,https://www.olx.com.br/vi/1482721965?rec=l
Ford,Ranger XLS,Ford Ranger XLS 2.2 4X4 CD Diesel Aut. 2019,120000,Salvador,Centro/Geral,2019.0,,https://www.olx.com.br/vi/1482723794?rec=l
Volkswagen,Gol Geração V,Volkswagen Gol Geração V 1.0 8V MI Total Flex Mec. 4P 2010,24150,Salvador,Centro/Geral,2010.0,,https://www.olx.com.br/vi/1482722045?rec=l
Toyota,Hilux CD SRV D4-d 4X4,Toyota Hilux CD SRV D4-d 4X4 3.0 TDI Diesel AUT 2013,120000,Salvador,Centro/Geral,2013.0,,https://www.olx.com.br/vi/1482722418?rec=l
Nissan,Versa SL,Nissan Versa SL 1.6 16V Flexstart 4P Aut. 2018,60900,Salvador,Centro/Geral,2018.0,,https://www.olx.com.br/vi/1482718651?rec=l
Volkswagen,Jetta Highline,Volkswagen Jetta Highline 2.0 TSI 16V 4P Tiptronic 2012,45000,Salvador,Centro/Geral,2012.0,,https://www.olx.com.br/vi/1482636913?rec=l
Fiat,Strada Working Hard,Fiat Strada Working Hard 1.4 Fire Flex 8V CS 2019,63900,Salvador,Centro/Geral,2019.0,,https://www.olx.com.br/vi/1482689909?rec=l
Kia,Motors Cerato,Kia Motors Cerato 1.6 16V Mec. 2011,37000,Salvador,Centro/Geral,2011.0,,https://www.olx.com.br/vi/1482717154?rec=l
Chevrolet,Agile LT,Chevrolet Agile LT 1.4 MPFI 8V Flexpower 5P 2011,21000,Camaçari,Centro/Geral,2011.0,,https://www.olx.com.br/vi/1482675420?rec=l
Citroen,C4 Cactus Feel Pack,Citroen C4 Cactus Feel Pack 1.6 16V Flex AUT 2022,69990,Salvador,Centro/Geral,2022.0,,https://www.olx.com.br/vi/1482609094?rec=l
Toyota,Corolla Altis,Toyota Corolla Altis 2.0 Flex 16V Aut. 2020,126500,Salvador,Centro/Geral,2020.0,,https://www.olx.com.br/vi/1482685234?rec=l
Volkswagen,Virtus TSI,Volkswagen Virtus TSI 1.0 Flex 12V 4P Aut. 2024,89990,Salvador,Centro/Geral,2024.0,,https://www.olx.com.br/vi/1473047310?rec=l
Fiat,Strada,Fiat Strada 1.4 MPI Fire Flex 8V CS 2011,32900,Salvador,Centro/Geral,2011.0,,https://www.olx.com.br/vi/1482525490?rec=l
Toyota,Corolla XEI,Toyota Corolla XEI 2.0 Flex 16V Aut. 2015,79990,Salvador,Centro/Geral,2015.0,,https://www.olx.com.br/vi/1482595400?rec=l
Renault,Kwid Zen,Renault Kwid Zen 1.0 Flex 12V 5P Mec. 2025,58700,Salvador,Centro/Geral,2025.0,,https://www.olx.com.br/vi/1482727944?rec=l
Chevrolet,Corsa Sed. Premium,Chevrolet Corsa Sed. Premium 1.4 8V Econoflex 4P 2008,20000,Camaçari,Centro/Geral,2008.0,,https://www.olx.com.br/vi/1482727210?rec=l
Vendo,ano modelo;,Vendo ano modelo; 2023,62000,Salvador,Centro/Geral,2023.0,,https://www.olx.com.br/vi/1461428198?rec=l
Ford,Focus Ghia SEDAN PARTICULAR,Ford Focus Ghia SEDAN PARTICULAR,30000,Salvador,Centro/Geral,,,https://www.olx.com.br/vi/1481640753?rec=l
Renault,Kardian Evolut.,Renault Kardian Evolut. Flex 1.0 TB 12V 5P Aut. 2025,98300,Lauro de Freitas,Centro/Geral,2025.0,,https://www.olx.com.br/vi/1482726593?rec=l
Renault,Kwid Zen,Renault Kwid Zen 1.0 Flex 12V 5P Mec. 2023,50300,Salvador,Centro/Geral,2023.0,,https://www.olx.com.br/vi/1482725665?rec=l
Fiat,Uno Mille,Fiat Uno Mille 1.0 Fire/ F.flex/ Economy 2P 2008,10000,Camaçari,Centro/Geral,2008.0,,https://www.olx.com.br/vi/1482725322?rec=l
Hyundai,HB20S Comfort Plus,Hyundai HB20S Comfort Plus 1.0 TB Flex 12V Mec. 2025,81990,Salvador,Centro/Geral,2025.0,,https://www.olx.com.br/vi/1482724903?rec=l
Peugeot,5008 Griffe Pack,Peugeot 5008 Griffe Pack 1.6 Turbo 16V 5P Aut. 2019,95999,Salvador,Centro/Geral,2019.0,,https://www.olx.com.br/vi/1474019343?rec=l
Fiat,Mobi Like,Fiat Mobi Like 1.0 Fire Flex 5P. 2025,59900,Salvador,Centro/Geral,2025.0,,https://www.olx.com.br/vi/1477843905?rec=l
Byd,King GL,BYD King GL 1.5 16V Aut. (hibrido) 2025,130000,Salvador,Centro/Geral,2025.0,,https://www.olx.com.br/vi/1482724185?rec=l
Renault,Duster Intense,Renault Duster Intense 1.6 16V Flex AUT 2025,111500,Lauro de Freitas,Centro/Geral,2025.0,,https://www.olx.com.br/vi/1482724137?rec=l
Fiat,Pulse Audace,Fiat Pulse Audace 1.0 Turbo 200 Flex Aut. 2025,108990,Lauro de Freitas,Centro/Geral,2025.0,,https://www.olx.com.br/vi/1482723575?rec=l
Renault,Kwid,Renault Kwid 1.0 Zen 2025,58390,Salvador,Centro/Geral,2025.0,,https://www.olx.com.br/vi/1482723501?rec=l
Fiat,Fiorino Endurance EVO,Fiat Fiorino Endurance EVO 1.4 Flex 8V 2P 2025,100790,Salvador,Centro/Geral,2025.0,,https://www.olx.com.br/vi/1482723490?rec=l
Gwm,Haval H6 Phev19 (hibrido),GWM Haval H6 Phev19 (hibrido) 2025,195000,Salvador,Centro/Geral,2025.0,,https://www.olx.com.br/vi/1482723513?rec=l
Mitsubishi,Lancer GT,Mitsubishi Lancer GT 2.0 16V 160cv Aut. 2014,58000,Lauro de Freitas,Centro/Geral,2014.0,,https://www.olx.com.br/vi/1480883198?rec=l
Chevrolet,Onix Hatch LTZ,Chevrolet Onix Hatch LTZ 1.0 12V TB Flex Aut. 5P 2024,87990,Salvador,Centro/Geral,2024.0,,https://www.olx.com.br/vi/1482722472?rec=l
Hyundai,HB20 Comfort Plus,Hyundai HB20 Comfort Plus 1.0 TB Flex 12V Aut. 2025,95900,Salvador,Paralela,2025.0,20643.0,https://ba.olx.com.br/grande-salvador/autos-e-pecas/carros-vans-e-utilitarios/hyundai-hb20-comfort-plus-1-0-tb-flex-12v-aut-2025-1482730076
Honda,Fit LX,Honda Fit LX 1.4/ 1.4 Flex 8v/16v 5P Aut. 2009,39990,Salvador,Alphaville I,2009.0,120000.0,https://ba.olx.com.br/grande-salvador/autos-e-pecas/carros-vans-e-utilitarios/honda-fit-lx-1-4-1-4-flex-8v-16v-5p-aut-2009-1482729696
Fiat,Mobi Like,Fiat Mobi Like 1.0 Fire Flex 5P. 2024,53900,Salvador,Piatã,2024.0,59000.0,https://ba.olx.com.br/grande-salvador/autos-e-pecas/carros-vans-e-utilitarios/fiat-mobi-like-1-0-fire-flex-5p-2024-1482729995
Ford,Fiesta Sed.,Ford Fiesta Sed. 1.6 8V Flex 4P 2009,30000,Salvador,Periperi,2009.0,115000.0,https://ba.olx.com.br/grande-salvador/autos-e-pecas/carros-vans-e-utilitarios/ford-fiesta-sed-1-6-8v-flex-4p-2009-1482729966
Toyota,Corolla XEI,Toyota Corolla XEI 2.0 Flex 16V Aut. 2023,126500,Salvador,Pirajá,2023.0,55000.0,https://ba.olx.com.br/grande-salvador/autos-e-pecas/carros-vans-e-utilitarios/toyota-corolla-xei-2-0-flex-16v-aut-2023-1482720319
Hyundai,IX35 GL,Hyundai IX35 GL 2.0 16V 2WD Flex Aut. 2018,85900,Salvador,Piatã,2018.0,128000.0,https://ba.olx.com.br/grande-salvador/autos-e-pecas/carros-vans-e-utilitarios/hyundai-ix35-gl-2-0-16v-2wd-flex-aut-2018-1482728208
Hyundai,HB20 Comfort Plus,Hyundai HB20 Comfort Plus 1.0 TB Flex 12V Aut. 2025,96400,Salvador,Paralela,2025.0,36367.0,https://ba.olx.com.br/grande-salvador/autos-e-pecas/carros-vans-e-utilitarios/hyundai-hb20-comfort-plus-1-0-tb-flex-12v-aut-2025-1482728212
Hyundai,Creta Smart,Hyundai Creta Smart 1.6 16V Flex Aut. 2020,85900,Salvador,Nazaré,2020.0,73000.0,https://ba.olx.com.br/grande-salvador/autos-e-pecas/carros-vans-e-utilitarios/hyundai-creta-smart-1-6-16v-flex-aut-2020-1454471303
Ford,Ecosport XLT,Ford Ecosport XLT 1.6/ 1.6 Flex 8V 5P 2011,26500,Candeias,Nova Brasília,2011.0,190000.0,https://ba.olx.com.br/grande-salvador/autos-e-pecas/carros-vans-e-utilitarios/ford-ecosport-xlt-1-6-1-6-flex-8v-5p-2011-1482714631
Chevrolet,S10 P-up Advant.,Chevrolet S10 P-up Advant. 2.4/2.4 MPFI F.power CD 2007,43500,Salvador,Sete de Abril,2007.0,159000.0,https://ba.olx.com.br/grande-salvador/autos-e-pecas/carros-vans-e-utilitarios/chevrolet-s10-p-up-advant-2-4-2-4-mpfi-f-power-cd-2007-1482717177
Fiat,Strada Endurance,Fiat Strada Endurance 1.4 Flex 8V C 2022,42500,Salvador,Caminho das Árvores,2022.0,,https://ba.olx.com.br/grande-salvador/autos-e-pecas/carros-vans-e-utilitarios/fiat-strada-endurance-1-4-flex-8v-c-2022-1482611693
Volkswagen,Polo,Volkswagen Polo 1.6 Mi/s.ouro 1.6 MI Tot.flex 8V 5P 2008,34900,Lauro de Freitas,Centro,2008.0,165411.0,https://ba.olx.com.br/grande-salvador/autos-e-pecas/carros-vans-e-utilitarios/volkswagen-polo-1-6-mi-s-ouro-1-6-mi-tot-flex-8v-5p-2008-1482611619
Volkswagen,Polo,Volkswagen Polo 1.0 MPI Flex 12V 5P 2023,69900,Salvador,Costa Azul,2023.0,35000.0,https://ba.olx.com.br/grande-salvador/autos-e-pecas/carros-vans-e-utilitarios/volkswagen-polo-1-0-mpi-flex-12v-5p-2023-1482661653
Volkswagen,Polo Track,Volkswagen Polo Track 1.0 Flex 12V 5P 2025,84090,Salvador,São Cristóvão,2025.0,40458.0,https://ba.olx.com.br/grande-salvador/autos-e-pecas/carros-vans-e-utilitarios/volkswagen-polo-track-1-0-flex-12v-5p-2025-1482722347
Chevrolet,Onix Hatch LT,Chevrolet Onix Hatch LT 1.0 12V TB Flex Mec. 4P 2025,72490,Salvador,Água de Meninos,2025.0,47466.0,https://ba.olx.com.br/grande-salvador/autos-e-pecas/carros-vans-e-utilitarios/chevrolet-onix-hatch-lt-1-0-12v-tb-flex-mec-4p-2025-1482722023
Jeep,Compass Long. T270,Jeep Compass Long. T270 1.3 TB 4X2 Flex AUT 2024,153890,Salvador,São Cristóvão,2024.0,22859.0,https://ba.olx.com.br/grande-salvador/autos-e-pecas/carros-vans-e-utilitarios/jeep-compass-long-t270-1-3-tb-4x2-flex-aut-2024-1482722036
Volkswagen,Polo Track,Volkswagen Polo Track 1.0 Flex 12V 5P 2025,87490,Salvador,São Cristóvão,2025.0,16443.0,https://ba.olx.com.br/grande-salvador/autos-e-pecas/carros-vans-e-utilitarios/volkswagen-polo-track-1-0-flex-12v-5p-2025-1482721996
Chevrolet,Onix Hatch LTZ,Chevrolet Onix Hatch LTZ 1.0 12V TB Flex Aut. 5P 2024,90790,Salvador,Água de Meninos,2024.0,32396.0,https://ba.olx.com.br/grande-salvador/autos-e-pecas/carros-vans-e-utilitarios/chevrolet-onix-hatch-ltz-1-0-12v-tb-flex-aut-5p-2024-1482721713
Fiat,Strada Endurance,Fiat Strada Endurance 1.3 Flex 8V CS 2025,97090,Lauro de Freitas,Recreio Ipitanga,2025.0,19990.0,https://ba.olx.com.br/grande-salvador/autos-e-pecas/carros-vans-e-utilitarios/fiat-strada-endurance-1-3-flex-8v-cs-2025-1482721496
Chevrolet,Onix Plus LT,Chevrolet Onix Plus LT 1.0 12V Flex Mec. 4P 2024,74990,Lauro de Freitas,Recreio Ipitanga,2024.0,62025.0,https://ba.olx.com.br/grande-salvador/autos-e-pecas/carros-vans-e-utilitarios/chevrolet-onix-plus-lt-1-0-12v-flex-mec-4p-2024-1482721185
Chevrolet,Onix Hatch LT,Chevrolet Onix Hatch LT 1.0 12V TB Flex Mec. 4P 2025,75490,Salvador,Água de Meninos,2025.0,40366.0,https://ba.olx.com.br/grande-salvador/autos-e-pecas/carros-vans-e-utilitarios/chevrolet-onix-hatch-lt-1-0-12v-tb-flex-mec-4p-2025-1482721092
Volkswagen,T-Cross Highline,Volkswagen T-Cross Highline 1.4 TSI Flex 16V 5P AUT 2025,146990,Salvador,São Cristóvão,2025.0,41655.0,https://ba.olx.com.br/grande-salvador/autos-e-pecas/carros-vans-e-utilitarios/volkswagen-t-cross-highline-1-4-tsi-flex-16v-5p-aut-2025-1482720921
Chevrolet,Tracker,Chevrolet Tracker 1.0 Turbo 12V Flex Aut. (pcd) 2025,108990,Salvador,São Cristóvão,2025.0,46045.0,https://ba.olx.com.br/grande-salvador/autos-e-pecas/carros-vans-e-utilitarios/chevrolet-tracker-1-0-turbo-12v-flex-aut-pcd-2025-1482720774
Chevrolet,Onix Hatch LT,Chevrolet Onix Hatch LT 1.0 12V TB Flex Mec. 4P 2025,71390,Salvador,Paralela,2025.0,60082.0,https://ba.olx.com.br/grande-salvador/autos-e-pecas/carros-vans-e-utilitarios/chevrolet-onix-hatch-lt-1-0-12v-tb-flex-mec-4p-2025-1482720762
Fiat,Toro Ranch,Fiat Toro Ranch 2.2 16V 4X4 TB Diesel Aut. 2025,169000,Salvador,IAPI,2025.0,6000.0,https://ba.olx.com.br/grande-salvador/autos-e-pecas/carros-vans-e-utilitarios/fiat-toro-ranch-2-2-16v-4x4-tb-diesel-aut-2025-1480807599
Hyundai,Creta Ultimate,Hyundai Creta Ultimate 1.6 TB 16V Aut. 2026,182000,Salvador,Stella Maris,2026.0,7530.0,https://ba.olx.com.br/grande-salvador/autos-e-pecas/carros-vans-e-utilitarios/hyundai-creta-ultimate-1-6-tb-16v-aut-2026-1482719062
Honda,Civic Sedan LXS,Honda Civic Sedan LXS 1.8/1.8 Flex 16V Mec. 4P 2015,65900,Salvador,Saboeiro,2015.0,100000.0,https://ba.olx.com.br/grande-salvador/autos-e-pecas/carros-vans-e-utilitarios/honda-civic-sedan-lxs-1-8-1-8-flex-16v-mec-4p-2015-1469381751
Chevrolet,Onix Plus Premier,Chevrolet Onix Plus Premier 1.0 12V TB Flex Aut. 4P 2020,64900,Salvador,Saboeiro,2020.0,100000.0,https://ba.olx.com.br/grande-salvador/autos-e-pecas/carros-vans-e-utilitarios/chevrolet-onix-plus-premier-1-0-12v-tb-flex-aut-4p-2020-1473638917
Chevrolet,Onix Hatch LT,Chevrolet Onix Hatch LT 1.4 8V Flex Aut. 4P 2019,62900,Salvador,Saboeiro,2019.0,95000.0,https://ba.olx.com.br/grande-salvador/autos-e-pecas/carros-vans-e-utilitarios/chevrolet-onix-hatch-lt-1-4-8v-flex-aut-4p-2019-1465308221
Chery,Tiggo 7 Pro,Chery Tiggo 7 Pro 1.6 Turbo 16V Aut. 2023,133900,Salvador,Saboeiro,2023.0,22000.0,https://ba.olx.com.br/grande-salvador/autos-e-pecas/carros-vans-e-utilitarios/chery-tiggo-7-pro-1-6-turbo-16v-aut-2023-1475636806
Ford,Ecosport Storm,Ford Ecosport Storm 2.0 4WD 16V Flex 5P Aut. 2020,76900,Salvador,Caminho das Árvores,2020.0,95000.0,https://ba.olx.com.br/grande-salvador/autos-e-pecas/carros-vans-e-utilitarios/ford-ecosport-storm-2-0-4wd-16v-flex-5p-aut-2020-1482718305
Volkswagen,Voyage,Volkswagen Voyage 1.6 MSI Flex 16V 4P AUT 2022,66900,Salvador,Nazaré,2022.0,59000.0,https://ba.olx.com.br/grande-salvador/autos-e-pecas/carros-vans-e-utilitarios/volkswagen-voyage-1-6-msi-flex-16v-4p-aut-2022-1464227871
Chevrolet,Corsa Super,Chevrolet Corsa Super 1.0 MPFI / 2P E 4P 1996,8000,Camaçari,Malícia (Abrantes),1996.0,2000.0,https://ba.olx.com.br/grande-salvador/autos-e-pecas/carros-vans-e-utilitarios/chevrolet-corsa-super-1-0-mpfi-2p-e-4p-1996-1482718154
Fiat,Argo,Fiat Argo 1.0 6V Flex. 2024,66900,Salvador,Nazaré,2024.0,44000.0,https://ba.olx.com.br/grande-salvador/autos-e-pecas/carros-vans-e-utilitarios/fiat-argo-1-0-6v-flex-2024-1454478108
Volkswagen,Saveiro Cross,Volkswagen Saveiro Cross 1.6 T.flex 16V CD 2023,96900,Salvador,Nazaré,2023.0,42000.0,https://ba.olx.com.br/grande-salvador/autos-e-pecas/carros-vans-e-utilitarios/volkswagen-saveiro-cross-1-6-t-flex-16v-cd-2023-1473830669
Toyota,RAV4,Toyota RAV4 2.0 Top 4X2 16V Aut. 2018,110000,Salvador,Matatu,2018.0,105000.0,https://ba.olx.com.br/grande-salvador/autos-e-pecas/carros-vans-e-utilitarios/toyota-rav4-2-0-top-4x2-16v-aut-2018-1482717324
Fiat,Fastback Impetus,Fiat Fastback Impetus 1.0 200 T. Flex AUT 2025,119990,Salvador,Matatu,2025.0,15000.0,https://ba.olx.com.br/grande-salvador/autos-e-pecas/carros-vans-e-utilitarios/fiat-fastback-impetus-1-0-200-t-flex-aut-2025-1481636101
Volkswagen,Kombi Standard,Volkswagen Kombi Standard 1.4 MI Total Flex 8V 2014,46000,Lauro de Freitas,Centro,2014.0,167000.0,https://ba.olx.com.br/grande-salvador/autos-e-pecas/carros-vans-e-utilitarios/volkswagen-kombi-standard-1-4-mi-total-flex-8v-2014-1482717638
Spin,LT,Spin LT 1.8 Flex 2024 7 lugares automática único dono impecável,87900,Salvador,Nazaré,2024.0,45000.0,https://ba.olx.com.br/grande-salvador/autos-e-pecas/carros-vans-e-utilitarios/spin-lt-1-8-flex-2024-7-lugares-automatica-unico-dono-impecavel-1453139019
Fiat,Mobi Like,Fiat Mobi Like 1.0 Fire Flex 5P. 2023,50900,Salvador,Nazaré,2023.0,52000.0,https://ba.olx.com.br/grande-salvador/autos-e-pecas/carros-vans-e-utilitarios/fiat-mobi-like-1-0-fire-flex-5p-2023-1468620509
Volkswagen,Polo Track,Volkswagen Polo Track 1.0 Flex 12V 5P 2025,84090,Salvador,Paralela,2025.0,40261.0,https://ba.olx.com.br/grande-salvador/autos-e-pecas/carros-vans-e-utilitarios/volkswagen-polo-track-1-0-flex-12v-5p-2025-1482717371
Fiat,Fiorino Endurance EVO,Fiat Fiorino Endurance EVO 1.4 Flex 8V 2P 2023,82900,Salvador,Nazaré,2023.0,65000.0,https://ba.olx.com.br/grande-salvador/autos-e-pecas/carros-vans-e-utilitarios/fiat-fiorino-endurance-evo-1-4-flex-8v-2p-2023-1451715379
